{
  "generator-jhipster": {
    "promptValues": {
      "packageName": "edu.ysu.dynsoc"
    },
    "jhipsterVersion": "5.6.1",
    "applicationType": "monolith",
    "baseName": "DynamicSocialNetwork",
    "packageName": "edu.ysu.dynsoc",
    "packageFolder": "edu/ysu/dynsoc",
    "serverPort": "8080",
    "authenticationType": "jwt",
    "cacheProvider": "ehcache",
    "enableHibernateCache": true,
    "websocket": false,
    "databaseType": "sql",
    "devDatabaseType": "h2Disk",
    "prodDatabaseType": "mysql",
    "searchEngine": false,
    "messageBroker": false,
    "serviceDiscoveryType": false,
    "buildTool": "gradle",
    "enableSwaggerCodegen": false,
    "jwtSecretKey": "OTI3NmZmYzQ4ODkzYjFjZWNiMWFlMDBmZjlkMDg1NWYyMTVmNTg0Zjg3MWMyYjUzMzRiYWMwN2FkNmM4MTYwOTExODYzYWYzMmFiYzNiM2NmMzE1OTEyYzQzZjUyMTA5ZTliZTBmNzFmMzk1YTMxYWM0MTFiZTg0Njk2ZjU2MTM=",
    "clientFramework": "angularX",
    "useSass": true,
    "clientPackageManager": "npm",
    "testFrameworks": [],
    "jhiPrefix": "jhi",
    "enableTranslation": false,
    "herokuAppName": "secure-headland-33366",
    "herokuDeployType": "git"
  }
}