{
    "name": "Owner",
    "fields": [
        {
            "fieldName": "name",
            "fieldType": "String",
            "fieldValidateRules": [
                "required"
            ]
        }
    ],
    "relationships": [
        {
            "relationshipType": "one-to-many",
            "relationshipName": "post",
            "otherEntityName": "post",
            "otherEntityRelationshipName": "owner"
        }
    ],
    "changelogDate": "20181113075149",
    "entityTableName": "owner",
    "dto": "no",
    "pagination": "no",
    "service": "no",
    "jpaMetamodelFiltering": false,
    "fluentMethods": true,
    "clientRootFolder": "",
    "applications": "*"
}